"","beak.size","wing.length"
"A",1.6772773321718,43.1248414667789
"B",1.43682800494134,54.6974483155645
"C",2.85114767998457,27.6159227988683
"D",0.470639121904969,32.9319555696566
"E",2.44903656281531,49.3147987034172
"F",2.52209952846169,45.1059770572465
"G",4.09953256472945,24.207547288388
"H",1.97753857821226,31.0886184044648
"I",2.82348125614226,31.1763801681809
"J",1.01725784502923,46.063073775731
