"","beak.size","wing.length"
"sp1",1.6772773321718,43.1248414667789
"sp2",1.43682800494134,54.6974483155645
"sp3",2.85114767998457,27.6159227988683
"sp4",0.470639121904969,32.9319555696566
"sp5",2.44903656281531,49.3147987034172
"sp6",2.52209952846169,45.1059770572465
"sp7",4.09953256472945,24.207547288388
"sp8",1.97753857821226,31.0886184044648
"sp9",2.82348125614226,31.1763801681809
"sp10",1.01725784502923,46.063073775731
